{"cameraMode":{"drawMode":0,"name":"Shaded","section":"Shading Mode"},"sceneLighting":true,"audioPlay":false,"sceneViewState":{"m_AlwaysRefresh":false,"showFog":true,"showSkybox":true,"showFlares":true,"showImageEffects":true,"showParticleSystems":true,"showVisualEffectGraphs":true,"m_FxEnabled":true},"in2DMode":false,"pivot":{"x":0.00003337860107421875,"y":0.5705161094665527,"z":-0.09493806958198548},"rotation":{"x":0.022548172622919084,"y":0.1476178616285324,"z":-0.003366254735738039,"w":0.9887830018997192},"size":2.8986599445343019,"orthographic":false}